{
  "name": "base_pfm_td0950",
  "type": "PLATFORM",
  "configuration": {
    "description": "",
    "xsa": "/home/josnu02/projects/td0950_2024/platform/custom_pfm_td0950/custom_platform_td0950.xsa",
    "xsaPathInPlatform": "base_pfm_td0950/hw/custom_platform_td0950.xsa",
    "emulationXsa": "",
    "emulationXsaPathInPlatform": "",
    "isCustomFSBL": false,
    "fsblPath": "",
    "pmufwElf": "",
    "flow": "EMBEDDED_ACCEL",
    "processorsMap": {
      "psv_cortexa72_0": "psv_cortexa72",
      "psv_cortexa72_1": "psv_cortexa72",
      "psv_cortexr5_0": "psv_cortexr5",
      "psv_cortexr5_1": "psv_cortexr5",
      "psv_pmc_0": "psv_pmc",
      "psv_psm_0": "psv_psm",
      "ai_engine": "ai_engine"
    },
    "supportedFamily": "versal",
    "componentType": "PLATFORM",
    "domains": [
      {
        "name": "aie_runtime_ai_engine",
        "displayName": "aie_runtime_ai_engine",
        "qemuData": "/home/josnu02/workspace_versal2/base_pfm_td0950/resources/aie_runtime_ai_engine/qemu",
        "qemuArgsFile": "/home/josnu02/workspace_versal2/base_pfm_td0950/resources/aie_runtime_ai_engine/qemu/qemu_args.txt",
        "pmcQemuArgsFile": "/home/josnu02/workspace_versal2/base_pfm_td0950/resources/aie_runtime_ai_engine/qemu/pmc_args.txt",
        "processor": "ai_engine",
        "cpuType": "ai_engine",
        "cpuInstance": "ai_engine",
        "os": "aie_runtime"
      },
      {
        "name": "maxeva_host",
        "displayName": "maxeva_host",
        "processor": "psv_cortexa72",
        "cpuType": "cortex-a72",
        "cpuInstance": "psv_cortexa72",
        "os": "linux",
        "qemuData": "",
        "qemuArgsFile": "/home/josnu02/workspace_versal2/base_pfm_td0950/resources/maxeva_host/qemu/qemu_args.txt",
        "pmcQemuArgsFile": "/home/josnu02/workspace_versal2/base_pfm_td0950/resources/maxeva_host/qemu/pmc_args.txt",
        "bifFile": "",
        "bootDirectory": "",
        "sdCardDirectory": ""
      }
    ],
    "emptyToolchainConfiguration": []
  }
}